[
  {
    "id": "0859afb8-e435-43c7-8328-83bc412202c4",
    "data": [
      {
        "text": "25 Aralık\u0027a kadar bir kitap ödünç almak istiyorum.",
        "userDefined": false
      }
    ],
    "isTemplate": false,
    "count": 0,
    "lang": "en",
    "updated": 0
  },
  {
    "id": "383fbb0b-7132-4bd2-884e-067f6f0dfbc3",
    "data": [
      {
        "text": "1984",
        "meta": "@yazar",
        "alias": "yazar",
        "userDefined": false
      },
      {
        "text": " kitabını ödünç alabilir miyim?",
        "userDefined": false
      }
    ],
    "isTemplate": false,
    "count": 0,
    "lang": "en",
    "updated": 0
  }
]