[
  {
    "id": "8e073a26-33fd-4cfe-b132-11146731b1b8",
    "data": [
      {
        "text": "Yaşar Kemal",
        "meta": "@kitap",
        "alias": "kitap",
        "userDefined": true
      },
      {
        "text": "\u0027in Kitapları var mı?",
        "userDefined": false
      }
    ],
    "isTemplate": false,
    "count": 0,
    "lang": "en",
    "updated": 0
  },
  {
    "id": "d4c7b9e9-4110-47c4-b6bc-404c4a057a7a",
    "data": [
      {
        "text": "Gurur ve Önyargı",
        "meta": "@yazar",
        "alias": "yazar",
        "userDefined": true
      },
      {
        "text": " kitabının yazarı kimdir?",
        "userDefined": false
      }
    ],
    "isTemplate": false,
    "count": 0,
    "lang": "en",
    "updated": 0
  },
  {
    "id": "bf457967-f449-42a0-8afb-1c66fb612c9b",
    "data": [
      {
        "text": "Fyodor Dostoyevski",
        "meta": "@kitap",
        "alias": "kitap",
        "userDefined": true
      },
      {
        "text": "\u0027nin önerebileceğin kitabı var mı?",
        "userDefined": false
      }
    ],
    "isTemplate": false,
    "count": 0,
    "lang": "en",
    "updated": 0
  },
  {
    "id": "c31f47c9-a011-4513-b957-8b0fcd152fc4",
    "data": [
      {
        "text": "Lev Tolstoy",
        "meta": "@kitap",
        "alias": "kitap",
        "userDefined": false
      },
      {
        "text": "\u0027un önerebileceğin kitabı var mı?",
        "userDefined": false
      }
    ],
    "isTemplate": false,
    "count": 0,
    "lang": "en",
    "updated": 0
  },
  {
    "id": "394a47b4-50ef-4440-a8ff-03241aa16499",
    "data": [
      {
        "text": "Savaş ve Barış",
        "meta": "@yazar",
        "alias": "yazar",
        "userDefined": false
      },
      {
        "text": " kitabının yazarı kimdir?",
        "userDefined": false
      }
    ],
    "isTemplate": false,
    "count": 0,
    "lang": "en",
    "updated": 0
  }
]