[
  {
    "id": "ecfb8555-5180-467a-8634-778e67f0d19e",
    "data": [
      {
        "text": "Kütüphanede ",
        "userDefined": false
      },
      {
        "text": "sigara",
        "meta": "@kutuphanepolitika_yiyecek",
        "alias": "kutuphanepolitika_yiyecek",
        "userDefined": true
      },
      {
        "text": " içebilir miyim?",
        "userDefined": false
      }
    ],
    "isTemplate": false,
    "count": 0,
    "lang": "en",
    "updated": 0
  },
  {
    "id": "f80ab77d-b2b9-4d40-a419-d5537c590254",
    "data": [
      {
        "text": "Kütüphanede ",
        "userDefined": false
      },
      {
        "text": "sigara",
        "meta": "@kutuphanepolitika_yiyecek",
        "alias": "kutuphanepolitika_yiyecek",
        "userDefined": true
      },
      {
        "text": " içilebilir mi?",
        "userDefined": false
      }
    ],
    "isTemplate": false,
    "count": 0,
    "lang": "en",
    "updated": 0
  },
  {
    "id": "04c3cf64-3e52-492d-a65e-1921efb15c30",
    "data": [
      {
        "text": "Kütüphaneye ",
        "userDefined": false
      },
      {
        "text": "kahve",
        "meta": "@kutuphanepolitika_yiyecek",
        "alias": "kutuphanepolitika_yiyecek",
        "userDefined": true
      },
      {
        "text": " ile girebilir miyim?",
        "userDefined": false
      }
    ],
    "isTemplate": false,
    "count": 0,
    "lang": "en",
    "updated": 0
  },
  {
    "id": "e0894a39-bd7b-4c50-8f45-57dc8290427b",
    "data": [
      {
        "text": "Kütüphanede ",
        "userDefined": false
      },
      {
        "text": "yiyecek",
        "meta": "@kutuphanepolitika_yiyecek",
        "alias": "kutuphanepolitika_yiyecek",
        "userDefined": true
      },
      {
        "text": " ve ",
        "userDefined": false
      },
      {
        "text": "içecek",
        "meta": "@kutuphanepolitika_yiyecek",
        "alias": "kutuphanepolitika_yiyecek",
        "userDefined": true
      },
      {
        "text": " tüketebilir miyim?",
        "userDefined": false
      }
    ],
    "isTemplate": false,
    "count": 0,
    "lang": "en",
    "updated": 0
  }
]