[
  {
    "id": "bab4a8a2-e6ce-4d93-9c62-8d2a84c9c7a0",
    "data": [
      {
        "text": "Haftasonları",
        "meta": "@kutuphanesaat",
        "alias": "kutuphanesaat",
        "userDefined": true
      },
      {
        "text": " kaça kadar?",
        "userDefined": false
      }
    ],
    "isTemplate": false,
    "count": 0,
    "lang": "en",
    "updated": 0
  },
  {
    "id": "ea5fe4a2-0463-4872-963a-6fa72af5070e",
    "data": [
      {
        "text": "Peki ",
        "userDefined": false
      },
      {
        "text": "sınav",
        "meta": "@kutuphanesaatsinav",
        "alias": "kutuphanesaatsinav",
        "userDefined": true
      },
      {
        "text": " dönemi nasıl oluyor?",
        "userDefined": false
      }
    ],
    "isTemplate": false,
    "count": 0,
    "lang": "en",
    "updated": 0
  },
  {
    "id": "de71d57a-c852-4b9e-8f61-9d83658538e6",
    "data": [
      {
        "text": "Sınav",
        "meta": "@kutuphanesaatsinav",
        "alias": "kutuphanesaatsinav",
        "userDefined": false
      },
      {
        "text": " döneminde kaça kadar açık peki?",
        "userDefined": false
      }
    ],
    "isTemplate": false,
    "count": 0,
    "lang": "en",
    "updated": 0
  },
  {
    "id": "3610af48-8faa-431e-b063-eee7dc5a2f5d",
    "data": [
      {
        "text": "Kütüphane ",
        "userDefined": false
      },
      {
        "text": "Sınav",
        "meta": "@kutuphanesaatsinav",
        "alias": "kutuphanesaatsinav",
        "userDefined": false
      },
      {
        "text": " döneminde hangi saat aralığında açık?",
        "userDefined": false
      }
    ],
    "isTemplate": false,
    "count": 0,
    "lang": "en",
    "updated": 0
  },
  {
    "id": "534d5fe2-a09f-42dd-8469-9e284c5368b1",
    "data": [
      {
        "text": "Kütüphane ",
        "userDefined": false
      },
      {
        "text": "Sınav",
        "meta": "@kutuphanesaatsinav",
        "alias": "kutuphanesaatsinav",
        "userDefined": false
      },
      {
        "text": " döneminde hangi saatlerde açık?",
        "userDefined": false
      }
    ],
    "isTemplate": false,
    "count": 0,
    "lang": "en",
    "updated": 0
  },
  {
    "id": "7e43e009-c0fe-42a0-b30c-69fab91f7c0f",
    "data": [
      {
        "text": "Kütüphane ",
        "userDefined": false
      },
      {
        "text": "haftasonu",
        "meta": "@kutuphanesaat",
        "alias": "kutuphanesaat",
        "userDefined": false
      },
      {
        "text": " hangi saatlerde açık?",
        "userDefined": false
      }
    ],
    "isTemplate": false,
    "count": 0,
    "lang": "en",
    "updated": 0
  },
  {
    "id": "daf318c6-1194-4890-b796-e2e66f5d1f2f",
    "data": [
      {
        "text": "Kütüphanede ",
        "userDefined": false
      },
      {
        "text": "kaç adet",
        "meta": "@kutuphanekitapsayisi",
        "alias": "kutuphanekitapsayisi",
        "userDefined": true
      },
      {
        "text": " kitap bulunuyor?",
        "userDefined": false
      }
    ],
    "isTemplate": false,
    "count": 0,
    "lang": "en",
    "updated": 0
  },
  {
    "id": "6922f5a5-dc5b-4ccd-a71b-d68fc4f0b97e",
    "data": [
      {
        "text": "Kütüphanede ",
        "userDefined": false
      },
      {
        "text": "kaç kitap",
        "meta": "@kutuphanekitapsayisi",
        "alias": "kutuphanekitapsayisi",
        "userDefined": true
      },
      {
        "text": " bulunuyor?",
        "userDefined": false
      }
    ],
    "isTemplate": false,
    "count": 0,
    "lang": "en",
    "updated": 0
  },
  {
    "id": "a42bf305-067d-4d9b-894b-636309e5bab4",
    "data": [
      {
        "text": "Kutuphane bilgi",
        "meta": "@kutuphanebilgi",
        "alias": "kutuphanebilgi",
        "userDefined": true
      },
      {
        "text": " verir misin?",
        "userDefined": false
      }
    ],
    "isTemplate": false,
    "count": 0,
    "lang": "en",
    "updated": 0
  },
  {
    "id": "d98f1154-7035-400c-85bf-00dbe65c93f2",
    "data": [
      {
        "text": "Kütüphane hakkında",
        "meta": "@kutuphanebilgi",
        "alias": "kutuphanebilgi",
        "userDefined": true
      },
      {
        "text": " bilgi verir misin?",
        "userDefined": false
      }
    ],
    "isTemplate": false,
    "count": 0,
    "lang": "en",
    "updated": 0
  },
  {
    "id": "f674b768-1025-4eaf-96cd-54033d61619d",
    "data": [
      {
        "text": "kütüphane ",
        "userDefined": false
      },
      {
        "text": "saat",
        "meta": "@kutuphanesaat",
        "alias": "kutuphanesaat",
        "userDefined": false
      }
    ],
    "isTemplate": false,
    "count": 1,
    "lang": "en",
    "updated": 0
  },
  {
    "id": "6e7de1ee-ec61-4ff5-b03e-3cf89bb152a0",
    "data": [
      {
        "text": "Kütüphane ",
        "userDefined": false
      },
      {
        "text": "saatleri",
        "meta": "@kutuphanesaat",
        "alias": "kutuphanesaat",
        "userDefined": false
      }
    ],
    "isTemplate": false,
    "count": 0,
    "lang": "en",
    "updated": 0
  },
  {
    "id": "ba14aeb6-09f6-416b-bce7-c6b74b8375d4",
    "data": [
      {
        "text": "Kütüphane ",
        "userDefined": false
      },
      {
        "text": "saatleri",
        "meta": "@kutuphanesaat",
        "alias": "kutuphanesaat",
        "userDefined": true
      },
      {
        "text": " hakkında bilgi verir misin?",
        "userDefined": false
      }
    ],
    "isTemplate": false,
    "count": 0,
    "lang": "en",
    "updated": 0
  }
]