[
  {
    "id": "22f57560-1774-4d83-8416-69fde0e6252e",
    "data": [
      {
        "text": "Suç ve Ceza",
        "meta": "@yazar",
        "alias": "yazar",
        "userDefined": false
      },
      {
        "text": " benim için ayırır mısın?",
        "userDefined": false
      }
    ],
    "isTemplate": false,
    "count": 0,
    "lang": "en",
    "updated": 0
  },
  {
    "id": "87fc4a1c-1ed0-433b-a0bd-2fdd82ec1797",
    "data": [
      {
        "text": "1984",
        "meta": "@yazar",
        "alias": "yazar",
        "userDefined": false
      },
      {
        "text": " kitabını rezerve et",
        "userDefined": false
      }
    ],
    "isTemplate": false,
    "count": 0,
    "lang": "en",
    "updated": 0
  }
]