[
  {
    "id": "ce775557-c962-4670-a09c-c4d2e9a51250",
    "data": [
      {
        "text": "Fantastik kitap önerir misin?",
        "userDefined": false
      }
    ],
    "isTemplate": false,
    "count": 0,
    "lang": "en",
    "updated": 0
  },
  {
    "id": "d3ea5e97-16d7-4d94-b15b-321006504681",
    "data": [
      {
        "text": "Bana polisiye türünde kitap öner.",
        "userDefined": false
      }
    ],
    "isTemplate": false,
    "count": 0,
    "lang": "en",
    "updated": 0
  }
]