[
  {
    "value": "Savaş ve Barış",
    "synonyms": [
      "Lev Tolstoy"
    ]
  },
  {
    "value": "Suç ve Ceza",
    "synonyms": [
      "Fyodor Dostoyevski"
    ]
  },
  {
    "value": "Yüzyıllık Yalnızlık",
    "synonyms": [
      "Gabriel Garcia Marquez"
    ]
  },
  {
    "value": "1984",
    "synonyms": [
      "George Orwell"
    ]
  },
  {
    "value": "Küçük Prens",
    "synonyms": [
      "Antoine de Saint-Exupéry"
    ]
  },
  {
    "value": "Don Kişot",
    "synonyms": [
      "Miguel de Cervantes"
    ]
  },
  {
    "value": "Simyacı",
    "synonyms": [
      "Paulo Coelho"
    ]
  },
  {
    "value": "Anna Karenina",
    "synonyms": [
      "Lev Tolstoy"
    ]
  },
  {
    "value": "Dönüşüm",
    "synonyms": [
      "Franz Kafka"
    ]
  },
  {
    "value": "Fareler ve İnsanlar",
    "synonyms": [
      "John Steinbeck"
    ]
  },
  {
    "value": "Gurur ve Önyargı",
    "synonyms": [
      "Jane Austen"
    ]
  },
  {
    "value": "Madam Bovary",
    "synonyms": [
      "Gustave Flaubert"
    ]
  },
  {
    "value": "Kürk Mantolu Madonna",
    "synonyms": [
      "Sabahattin Ali"
    ]
  },
  {
    "value": "İnce Memed",
    "synonyms": [
      "Yaşar Kemal"
    ]
  },
  {
    "value": "Tutunamayanlar",
    "synonyms": [
      "Oğuz Atay"
    ]
  },
  {
    "value": "Beyaz Diş",
    "synonyms": [
      "Jack London"
    ]
  },
  {
    "value": "Uçurtma Avcısı",
    "synonyms": [
      "Khaled Hosseini"
    ]
  },
  {
    "value": "Şeker Portakalı",
    "synonyms": [
      "José Mauro de Vasconcelos"
    ]
  },
  {
    "value": "Küçük Ağa",
    "synonyms": [
      "Tarık Buğra"
    ]
  },
  {
    "value": "Bir İdam Mahkumunun Son Günü",
    "synonyms": [
      "Victor Hugo"
    ]
  }
]