[
  {
    "value": "Akademik Personel - 7 Adet Kitap - 30 Gün, Doktora Öğrencileri - 5 Adet Kitap - 20 Gün, Yüksek Lisans Öğrencileri- 5 Adet Kitap - 20 Gün, Önlisans ve Lisans Öğrencileri- 5 Adet Kitap - 15 Gün",
    "synonyms": [
      "materyal"
    ]
  },
  {
    "value": "Akademik Personel - 7 Adet Kitap - 30 Gün, Doktora Öğrencileri - 5 Adet Kitap - 20 Gün, Yüksek Lisans Öğrencileri- 5 Adet Kitap - 20 Gün, Önlisans ve Lisans Öğrencileri- 5 Adet Kitap - 15 Gün",
    "synonyms": [
      "kaç adet ödünç",
      "kaç adet alabilirim",
      "kaç hakkım var",
      "kaç adet kitap alma",
      "kaç kitap ödünç",
      "kaç adet kitap ödünç",
      "ödünç kaç kitap"
    ]
  },
  {
    "value": "Kütüphane koleksiyonunda bulunan süreli yayınlar, tezler, nadir eserler ve danışma kaynakları (sözlük, ansiklopedi, atlas) dışında kalan multimedya kaynakları ve kitapları ödünç alabilirsiniz.",
    "synonyms": [
      "ödünç alabilir",
      "ödünç alma hakkı"
    ]
  },
  {
    "value": "Ödünç alınan yayının süresini, iade tarihine 3 gün kala kütüphane hesabınızdan uzatabilirsiniz.",
    "synonyms": [
      "kitabın iadesini",
      "kitap iade",
      "kitap iadesi",
      "materyal iadesi"
    ]
  },
  {
    "value": "Ödünç alınan kitap ilgili kütüphaneye teslim edilir ve Kitap Geciktirme Cezası süreçlerinde yer alan adımlar uygulanmaktadır.",
    "synonyms": [
      "iade süresi geçti",
      "iade süresi gecti",
      "iade süreci geçti",
      "iade süreci gecti"
    ]
  },
  {
    "value": "Kaybedilen kaynağın tarih ve basım sayısı aynı olacak şekilde ya da benzer bir kaynak alınarak kütüphaneye teslim edilmesi gerekmektedir. Aynı zamanda kitap geciktirme cezasında yer alan süreç de uygulanmaktadır.",
    "synonyms": [
      "kaynağı kaybettim",
      "kaynak kaybettim",
      "kaynak kayboldu",
      "kitap kayboldu",
      "kitabı kaybettim"
    ]
  }
]