[
  {
    "value": "Lev Tolstoy",
    "synonyms": [
      "Savaş ve Barış"
    ]
  },
  {
    "value": "Fyodor Dostoyevski",
    "synonyms": [
      "Suç ve Ceza"
    ]
  },
  {
    "value": "Gabriel Garcia Marquez",
    "synonyms": [
      "Yüzyıllık Yalnızlık"
    ]
  },
  {
    "value": "George Orwell",
    "synonyms": [
      "1984"
    ]
  },
  {
    "value": "Antoine de Saint-Exupéry",
    "synonyms": [
      "Küçük Prens"
    ]
  },
  {
    "value": "Miguel de Cervantes",
    "synonyms": [
      "Don Kişot"
    ]
  },
  {
    "value": "Paulo Coelho",
    "synonyms": [
      "Simyacı"
    ]
  },
  {
    "value": "Lev Tolstoy",
    "synonyms": [
      "Anna Karenina"
    ]
  },
  {
    "value": "Franz Kafka",
    "synonyms": [
      "Dönüşüm"
    ]
  },
  {
    "value": "John Steinbeck",
    "synonyms": [
      "Fareler ve İnsanlar"
    ]
  },
  {
    "value": "Jane Austen",
    "synonyms": [
      "Gurur ve Önyargı"
    ]
  },
  {
    "value": "Gustave Flaubert",
    "synonyms": [
      "Madam Bovary"
    ]
  },
  {
    "value": "Sabahattin Ali",
    "synonyms": [
      "Kürk Mantolu Madonna"
    ]
  },
  {
    "value": "Yaşar Kemal",
    "synonyms": [
      "İnce Memed"
    ]
  },
  {
    "value": "Oğuz Atay",
    "synonyms": [
      "Tutunamayanlar"
    ]
  },
  {
    "value": "Jack London",
    "synonyms": [
      "Beyaz Diş"
    ]
  },
  {
    "value": "Khaled Hosseini",
    "synonyms": [
      "Uçurtma Avcısı"
    ]
  },
  {
    "value": "José Mauro de Vasconcelos",
    "synonyms": [
      "Şeker Portakalı"
    ]
  },
  {
    "value": "Tarık Buğra",
    "synonyms": [
      "Küçük Ağa"
    ]
  },
  {
    "value": "Victor Hugo",
    "synonyms": [
      "Bir İdam Mahkumunun Son Günü"
    ]
  }
]